-- MySQL dump 10.13  Distrib 8.0.19, for Win64 (x86_64)
--
-- Host: localhost    Database: cuarentena
-- ------------------------------------------------------
-- Server version	8.0.19

/*!40101 SET @OLD_CHARACTER_SET_CLIENT=@@CHARACTER_SET_CLIENT */;
/*!40101 SET @OLD_CHARACTER_SET_RESULTS=@@CHARACTER_SET_RESULTS */;
/*!40101 SET @OLD_COLLATION_CONNECTION=@@COLLATION_CONNECTION */;
/*!50503 SET NAMES utf8 */;
/*!40103 SET @OLD_TIME_ZONE=@@TIME_ZONE */;
/*!40103 SET TIME_ZONE='+00:00' */;
/*!40014 SET @OLD_UNIQUE_CHECKS=@@UNIQUE_CHECKS, UNIQUE_CHECKS=0 */;
/*!40014 SET @OLD_FOREIGN_KEY_CHECKS=@@FOREIGN_KEY_CHECKS, FOREIGN_KEY_CHECKS=0 */;
/*!40101 SET @OLD_SQL_MODE=@@SQL_MODE, SQL_MODE='NO_AUTO_VALUE_ON_ZERO' */;
/*!40111 SET @OLD_SQL_NOTES=@@SQL_NOTES, SQL_NOTES=0 */;

--
-- Table structure for table `consulta`
--

DROP TABLE IF EXISTS `consulta`;
/*!40101 SET @saved_cs_client     = @@character_set_client */;
/*!50503 SET character_set_client = utf8mb4 */;
CREATE TABLE `consulta` (
  `PacienteID` int NOT NULL,
  `DoctorID` int NOT NULL,
  `fecha` datetime DEFAULT NULL,
  PRIMARY KEY (`PacienteID`,`DoctorID`),
  KEY `DoctorID` (`DoctorID`),
  CONSTRAINT `consulta_ibfk_1` FOREIGN KEY (`PacienteID`) REFERENCES `paciente` (`ID`),
  CONSTRAINT `consulta_ibfk_2` FOREIGN KEY (`DoctorID`) REFERENCES `doctor` (`ID`)
) ENGINE=InnoDB DEFAULT CHARSET=latin1;
/*!40101 SET character_set_client = @saved_cs_client */;

--
-- Dumping data for table `consulta`
--

LOCK TABLES `consulta` WRITE;
/*!40000 ALTER TABLE `consulta` DISABLE KEYS */;
INSERT INTO `consulta` VALUES (5,2,'2020-03-27 00:00:00'),(6,2,'2020-04-01 00:00:00'),(6,3,'2019-02-10 00:00:00'),(7,4,'2019-04-09 00:00:00'),(8,6,'2018-03-07 00:00:00');
/*!40000 ALTER TABLE `consulta` ENABLE KEYS */;
UNLOCK TABLES;

--
-- Table structure for table `consultorio`
--

DROP TABLE IF EXISTS `consultorio`;
/*!40101 SET @saved_cs_client     = @@character_set_client */;
/*!50503 SET character_set_client = utf8mb4 */;
CREATE TABLE `consultorio` (
  `ID` int NOT NULL AUTO_INCREMENT,
  `piso` int NOT NULL,
  `nro` int NOT NULL,
  PRIMARY KEY (`ID`)
) ENGINE=InnoDB AUTO_INCREMENT=6 DEFAULT CHARSET=latin1;
/*!40101 SET character_set_client = @saved_cs_client */;

--
-- Dumping data for table `consultorio`
--

LOCK TABLES `consultorio` WRITE;
/*!40000 ALTER TABLE `consultorio` DISABLE KEYS */;
INSERT INTO `consultorio` VALUES (1,1,102),(2,1,101),(3,1,102),(4,1,101),(5,1,105);
/*!40000 ALTER TABLE `consultorio` ENABLE KEYS */;
UNLOCK TABLES;

--
-- Table structure for table `doctor`
--

DROP TABLE IF EXISTS `doctor`;
/*!40101 SET @saved_cs_client     = @@character_set_client */;
/*!50503 SET character_set_client = utf8mb4 */;
CREATE TABLE `doctor` (
  `ID` int NOT NULL AUTO_INCREMENT,
  `personaID` int NOT NULL,
  `consultorioID` int NOT NULL,
  `especialidadID` int NOT NULL,
  PRIMARY KEY (`ID`),
  KEY `personaID` (`personaID`),
  KEY `consultorioID` (`consultorioID`),
  KEY `especialidadID` (`especialidadID`),
  CONSTRAINT `doctor_ibfk_1` FOREIGN KEY (`personaID`) REFERENCES `persona` (`CI`),
  CONSTRAINT `doctor_ibfk_2` FOREIGN KEY (`consultorioID`) REFERENCES `consultorio` (`ID`),
  CONSTRAINT `doctor_ibfk_3` FOREIGN KEY (`especialidadID`) REFERENCES `especialidad` (`ID`)
) ENGINE=InnoDB AUTO_INCREMENT=7 DEFAULT CHARSET=latin1;
/*!40101 SET character_set_client = @saved_cs_client */;

--
-- Dumping data for table `doctor`
--

LOCK TABLES `doctor` WRITE;
/*!40000 ALTER TABLE `doctor` DISABLE KEYS */;
INSERT INTO `doctor` VALUES (2,8301163,1,1),(3,1234567,2,2),(4,3030867,3,3),(5,3183830,4,4),(6,8085657,5,5);
/*!40000 ALTER TABLE `doctor` ENABLE KEYS */;
UNLOCK TABLES;

--
-- Table structure for table `especialidad`
--

DROP TABLE IF EXISTS `especialidad`;
/*!40101 SET @saved_cs_client     = @@character_set_client */;
/*!50503 SET character_set_client = utf8mb4 */;
CREATE TABLE `especialidad` (
  `ID` int NOT NULL AUTO_INCREMENT,
  `nombre` varchar(30) DEFAULT NULL,
  PRIMARY KEY (`ID`)
) ENGINE=InnoDB AUTO_INCREMENT=6 DEFAULT CHARSET=latin1;
/*!40101 SET character_set_client = @saved_cs_client */;

--
-- Dumping data for table `especialidad`
--

LOCK TABLES `especialidad` WRITE;
/*!40000 ALTER TABLE `especialidad` DISABLE KEYS */;
INSERT INTO `especialidad` VALUES (1,'oftalmologia'),(2,'pediatria'),(3,'psicologia'),(4,'odontologia'),(5,'traumatologia');
/*!40000 ALTER TABLE `especialidad` ENABLE KEYS */;
UNLOCK TABLES;

--
-- Table structure for table `paciente`
--

DROP TABLE IF EXISTS `paciente`;
/*!40101 SET @saved_cs_client     = @@character_set_client */;
/*!50503 SET character_set_client = utf8mb4 */;
CREATE TABLE `paciente` (
  `ID` int NOT NULL AUTO_INCREMENT,
  `personaID` int NOT NULL,
  `fechaIngreso` datetime DEFAULT NULL,
  PRIMARY KEY (`ID`),
  KEY `personaID` (`personaID`),
  CONSTRAINT `paciente_ibfk_1` FOREIGN KEY (`personaID`) REFERENCES `persona` (`CI`)
) ENGINE=InnoDB AUTO_INCREMENT=10 DEFAULT CHARSET=latin1;
/*!40101 SET character_set_client = @saved_cs_client */;

--
-- Dumping data for table `paciente`
--

LOCK TABLES `paciente` WRITE;
/*!40000 ALTER TABLE `paciente` DISABLE KEYS */;
INSERT INTO `paciente` VALUES (5,7300069,'2020-03-17 00:00:00'),(6,202209,'2015-08-09 00:00:00'),(7,1703202,'2019-11-14 00:00:00'),(8,6664269,'2018-12-12 00:00:00'),(9,9376037,'2020-02-14 00:00:00');
/*!40000 ALTER TABLE `paciente` ENABLE KEYS */;
UNLOCK TABLES;

--
-- Table structure for table `persona`
--

DROP TABLE IF EXISTS `persona`;
/*!40101 SET @saved_cs_client     = @@character_set_client */;
/*!50503 SET character_set_client = utf8mb4 */;
CREATE TABLE `persona` (
  `CI` int NOT NULL,
  `nombres` varchar(30) DEFAULT NULL,
  `apellidos` varchar(30) DEFAULT NULL,
  `fechaNacimiento` datetime DEFAULT NULL,
  PRIMARY KEY (`CI`)
) ENGINE=InnoDB DEFAULT CHARSET=latin1;
/*!40101 SET character_set_client = @saved_cs_client */;

--
-- Dumping data for table `persona`
--

LOCK TABLES `persona` WRITE;
/*!40000 ALTER TABLE `persona` DISABLE KEYS */;
INSERT INTO `persona` VALUES (202209,'Pedro','Fernandez De la Cruz','2000-02-02 00:00:00'),(1234567,'Nicolas','Villa Yeager','1988-01-10 00:00:00'),(1703202,'Carolina','Turner Mamani','2001-04-28 00:00:00'),(3030867,'Samuel','Doria Medina','1996-08-17 00:00:00'),(3183830,'Dalila','Mamani Iturralde','2000-09-01 00:00:00'),(6063039,'Junichi','Masuda Sensei','1889-05-18 00:00:00'),(6664269,'Joel','Segurondo Iñiguez','2005-10-10 00:00:00'),(7300069,'Raul','Gongora Rodriguez','1991-04-26 00:00:00'),(8085657,'Nicole','Kidman Burgoa','2000-04-29 00:00:00'),(8301163,'Paul','Landaeta Flores','1991-03-25 00:00:00'),(9376037,'Efrain','Rodriguez Salle','1990-08-15 00:00:00');
/*!40000 ALTER TABLE `persona` ENABLE KEYS */;
UNLOCK TABLES;
/*!40103 SET TIME_ZONE=@OLD_TIME_ZONE */;

/*!40101 SET SQL_MODE=@OLD_SQL_MODE */;
/*!40014 SET FOREIGN_KEY_CHECKS=@OLD_FOREIGN_KEY_CHECKS */;
/*!40014 SET UNIQUE_CHECKS=@OLD_UNIQUE_CHECKS */;
/*!40101 SET CHARACTER_SET_CLIENT=@OLD_CHARACTER_SET_CLIENT */;
/*!40101 SET CHARACTER_SET_RESULTS=@OLD_CHARACTER_SET_RESULTS */;
/*!40101 SET COLLATION_CONNECTION=@OLD_COLLATION_CONNECTION */;
/*!40111 SET SQL_NOTES=@OLD_SQL_NOTES */;

-- Dump completed on 2020-03-17  9:13:28
